empid,name,year,quarter,emp_avg_salary,avg_salary
101,Amit Sharma,2024,1,55666.666666666664,57428.57142857143
102,Priya Nair,2024,1,48000.0,57428.57142857143
104,Sneha Gupta,2024,1,42000.0,57428.57142857143
107,Kiran Patel,2024,1,38000.0,57428.57142857143
110,Meena Joshi,2024,1,40000.0,57428.57142857143
111,Arjun Reddy,2024,1,50000.0,57428.57142857143
114,Lakshmi Pillai,2024,1,52000.0,57428.57142857143
115,Nikhil Menon,2024,1,36000.0,57428.57142857143
101,Amit Sharma,2024,2,57333.333333333336,59476.19047619047
102,Priya Nair,2024,2,50000.0,59476.19047619047
104,Sneha Gupta,2024,2,44000.0,59476.19047619047
107,Kiran Patel,2024,2,40000.0,59476.19047619047
110,Meena Joshi,2024,2,42000.0,59476.19047619047
111,Arjun Reddy,2024,2,52000.0,59476.19047619047
114,Lakshmi Pillai,2024,2,54000.0,59476.19047619047
115,Nikhil Menon,2024,2,37000.0,59476.19047619047
101,Amit Sharma,2024,3,58666.666666666664,61000.0
102,Priya Nair,2024,3,52000.0,61000.0
104,Sneha Gupta,2024,3,45000.0,61000.0
107,Kiran Patel,2024,3,41000.0,61000.0
110,Meena Joshi,2024,3,43000.0,61000.0
111,Arjun Reddy,2024,3,53000.0,61000.0
114,Lakshmi Pillai,2024,3,56000.0,61000.0
115,Nikhil Menon,2024,3,38000.0,61000.0
101,Amit Sharma,2024,4,60666.666666666664,62571.42857142857
102,Priya Nair,2024,4,54000.0,62571.42857142857
104,Sneha Gupta,2024,4,46000.0,62571.42857142857
107,Kiran Patel,2024,4,42000.0,62571.42857142857
110,Meena Joshi,2024,4,44000.0,62571.42857142857
111,Arjun Reddy,2024,4,55000.0,62571.42857142857
114,Lakshmi Pillai,2024,4,58000.0,62571.42857142857
115,Nikhil Menon,2024,4,39000.0,62571.42857142857
101,Amit Sharma,2025,1,62333.333333333336,67833.33333333333
107,Kiran Patel,2025,1,43333.333333333336,67833.33333333333
