empid,name,month,year,amount,cumulative_salary
101,Amit Sharma,1,2024,55000.0,55000.0
101,Amit Sharma,2,2024,55000.0,110000.0
101,Amit Sharma,3,2024,57000.0,167000.0
101,Amit Sharma,4,2024,57000.0,224000.0
101,Amit Sharma,5,2024,57000.0,281000.0
101,Amit Sharma,6,2024,58000.0,339000.0
101,Amit Sharma,7,2024,58000.0,397000.0
101,Amit Sharma,8,2024,58000.0,455000.0
101,Amit Sharma,9,2024,60000.0,515000.0
101,Amit Sharma,10,2024,60000.0,575000.0
101,Amit Sharma,11,2024,60000.0,635000.0
101,Amit Sharma,12,2024,62000.0,697000.0
102,Priya Nair,1,2024,48000.0,48000.0
102,Priya Nair,2,2024,48000.0,96000.0
102,Priya Nair,3,2024,48000.0,144000.0
102,Priya Nair,4,2024,50000.0,194000.0
102,Priya Nair,5,2024,50000.0,244000.0
102,Priya Nair,6,2024,50000.0,294000.0
102,Priya Nair,7,2024,52000.0,346000.0
102,Priya Nair,8,2024,52000.0,398000.0
102,Priya Nair,9,2024,52000.0,450000.0
102,Priya Nair,10,2024,54000.0,504000.0
102,Priya Nair,11,2024,54000.0,558000.0
102,Priya Nair,12,2024,54000.0,612000.0
103,Rahul Verma,1,2024,72000.0,72000.0
103,Rahul Verma,2,2024,72000.0,144000.0
103,Rahul Verma,3,2024,73000.0,217000.0
103,Rahul Verma,4,2024,74000.0,291000.0
103,Rahul Verma,5,2024,74000.0,365000.0
103,Rahul Verma,6,2024,75000.0,440000.0
103,Rahul Verma,7,2024,76000.0,516000.0
103,Rahul Verma,8,2024,76000.0,592000.0
103,Rahul Verma,9,2024,77000.0,669000.0
103,Rahul Verma,10,2024,78000.0,747000.0
103,Rahul Verma,11,2024,78000.0,825000.0
103,Rahul Verma,12,2024,79000.0,904000.0
104,Sneha Gupta,1,2024,42000.0,42000.0
104,Sneha Gupta,2,2024,42000.0,84000.0
104,Sneha Gupta,3,2024,42000.0,126000.0
104,Sneha Gupta,4,2024,44000.0,170000.0
104,Sneha Gupta,5,2024,44000.0,214000.0
104,Sneha Gupta,6,2024,44000.0,258000.0
104,Sneha Gupta,7,2024,45000.0,303000.0
104,Sneha Gupta,8,2024,45000.0,348000.0
104,Sneha Gupta,9,2024,45000.0,393000.0
104,Sneha Gupta,10,2024,46000.0,439000.0
104,Sneha Gupta,11,2024,46000.0,485000.0
104,Sneha Gupta,12,2024,46000.0,531000.0
105,Vikram Desai,1,2024,75000.0,75000.0
105,Vikram Desai,2,2024,75000.0,150000.0
105,Vikram Desai,3,2024,75000.0,225000.0
105,Vikram Desai,4,2024,78000.0,303000.0
105,Vikram Desai,5,2024,78000.0,381000.0
105,Vikram Desai,6,2024,78000.0,459000.0
105,Vikram Desai,7,2024,80000.0,539000.0
105,Vikram Desai,8,2024,80000.0,619000.0
105,Vikram Desai,9,2024,80000.0,699000.0
105,Vikram Desai,10,2024,82000.0,781000.0
105,Vikram Desai,11,2024,82000.0,863000.0
105,Vikram Desai,12,2024,82000.0,945000.0
106,Ananya Rao,1,2024,70000.0,70000.0
106,Ananya Rao,2,2024,70000.0,140000.0
106,Ananya Rao,3,2024,70000.0,210000.0
106,Ananya Rao,4,2024,72000.0,282000.0
106,Ananya Rao,5,2024,72000.0,354000.0
106,Ananya Rao,6,2024,72000.0,426000.0
106,Ananya Rao,7,2024,73000.0,499000.0
106,Ananya Rao,8,2024,73000.0,572000.0
106,Ananya Rao,9,2024,73000.0,645000.0
106,Ananya Rao,10,2024,74000.0,719000.0
106,Ananya Rao,11,2024,74000.0,793000.0
106,Ananya Rao,12,2024,74000.0,867000.0
107,Kiran Patel,1,2024,38000.0,38000.0
107,Kiran Patel,2,2024,38000.0,76000.0
107,Kiran Patel,3,2024,38000.0,114000.0
107,Kiran Patel,4,2024,40000.0,154000.0
107,Kiran Patel,5,2024,40000.0,194000.0
107,Kiran Patel,6,2024,40000.0,234000.0
107,Kiran Patel,7,2024,41000.0,275000.0
107,Kiran Patel,8,2024,41000.0,316000.0
107,Kiran Patel,9,2024,41000.0,357000.0
107,Kiran Patel,10,2024,42000.0,399000.0
107,Kiran Patel,11,2024,42000.0,441000.0
107,Kiran Patel,12,2024,42000.0,483000.0
108,Deepa Iyer,1,2024,72000.0,72000.0
108,Deepa Iyer,2,2024,72000.0,144000.0
108,Deepa Iyer,3,2024,72000.0,216000.0
108,Deepa Iyer,4,2024,74000.0,290000.0
108,Deepa Iyer,5,2024,74000.0,364000.0
108,Deepa Iyer,6,2024,74000.0,438000.0
108,Deepa Iyer,7,2024,76000.0,514000.0
108,Deepa Iyer,8,2024,76000.0,590000.0
108,Deepa Iyer,9,2024,76000.0,666000.0
108,Deepa Iyer,10,2024,78000.0,744000.0
108,Deepa Iyer,11,2024,78000.0,822000.0
108,Deepa Iyer,12,2024,78000.0,900000.0
109,Suresh Kumar,1,2024,95000.0,95000.0
109,Suresh Kumar,2,2024,95000.0,190000.0
109,Suresh Kumar,3,2024,95000.0,285000.0
109,Suresh Kumar,4,2024,98000.0,383000.0
109,Suresh Kumar,5,2024,98000.0,481000.0
109,Suresh Kumar,6,2024,98000.0,579000.0
109,Suresh Kumar,7,2024,100000.0,679000.0
109,Suresh Kumar,8,2024,100000.0,779000.0
109,Suresh Kumar,9,2024,100000.0,879000.0
109,Suresh Kumar,10,2024,102000.0,981000.0
109,Suresh Kumar,11,2024,102000.0,1083000.0
109,Suresh Kumar,12,2024,102000.0,1185000.0
110,Meena Joshi,1,2024,40000.0,40000.0
110,Meena Joshi,2,2024,40000.0,80000.0
110,Meena Joshi,3,2024,40000.0,120000.0
110,Meena Joshi,4,2024,42000.0,162000.0
110,Meena Joshi,5,2024,42000.0,204000.0
110,Meena Joshi,6,2024,42000.0,246000.0
110,Meena Joshi,7,2024,43000.0,289000.0
110,Meena Joshi,8,2024,43000.0,332000.0
110,Meena Joshi,9,2024,43000.0,375000.0
110,Meena Joshi,10,2024,44000.0,419000.0
110,Meena Joshi,11,2024,44000.0,463000.0
110,Meena Joshi,12,2024,44000.0,507000.0
111,Arjun Reddy,1,2024,50000.0,50000.0
111,Arjun Reddy,2,2024,50000.0,100000.0
111,Arjun Reddy,3,2024,50000.0,150000.0
111,Arjun Reddy,4,2024,52000.0,202000.0
111,Arjun Reddy,5,2024,52000.0,254000.0
111,Arjun Reddy,6,2024,52000.0,306000.0
111,Arjun Reddy,7,2024,53000.0,359000.0
111,Arjun Reddy,8,2024,53000.0,412000.0
111,Arjun Reddy,9,2024,53000.0,465000.0
111,Arjun Reddy,10,2024,55000.0,520000.0
111,Arjun Reddy,11,2024,55000.0,575000.0
111,Arjun Reddy,12,2024,55000.0,630000.0
112,Kavita Singh,1,2024,58000.0,58000.0
112,Kavita Singh,2,2024,58000.0,116000.0
112,Kavita Singh,3,2024,58000.0,174000.0
112,Kavita Singh,4,2024,60000.0,234000.0
112,Kavita Singh,5,2024,60000.0,294000.0
112,Kavita Singh,6,2024,60000.0,354000.0
112,Kavita Singh,7,2024,62000.0,416000.0
112,Kavita Singh,8,2024,62000.0,478000.0
112,Kavita Singh,9,2024,62000.0,540000.0
112,Kavita Singh,10,2024,63000.0,603000.0
112,Kavita Singh,11,2024,63000.0,666000.0
112,Kavita Singh,12,2024,63000.0,729000.0
114,Lakshmi Pillai,1,2024,52000.0,52000.0
114,Lakshmi Pillai,2,2024,52000.0,104000.0
114,Lakshmi Pillai,3,2024,52000.0,156000.0
114,Lakshmi Pillai,4,2024,54000.0,210000.0
114,Lakshmi Pillai,5,2024,54000.0,264000.0
114,Lakshmi Pillai,6,2024,54000.0,318000.0
114,Lakshmi Pillai,7,2024,56000.0,374000.0
114,Lakshmi Pillai,8,2024,56000.0,430000.0
114,Lakshmi Pillai,9,2024,56000.0,486000.0
114,Lakshmi Pillai,10,2024,58000.0,544000.0
114,Lakshmi Pillai,11,2024,58000.0,602000.0
114,Lakshmi Pillai,12,2024,58000.0,660000.0
115,Nikhil Menon,1,2024,36000.0,36000.0
115,Nikhil Menon,2,2024,36000.0,72000.0
115,Nikhil Menon,3,2024,36000.0,108000.0
115,Nikhil Menon,4,2024,37000.0,145000.0
115,Nikhil Menon,5,2024,37000.0,182000.0
115,Nikhil Menon,6,2024,37000.0,219000.0
115,Nikhil Menon,7,2024,38000.0,257000.0
115,Nikhil Menon,8,2024,38000.0,295000.0
115,Nikhil Menon,9,2024,38000.0,333000.0
115,Nikhil Menon,10,2024,39000.0,372000.0
115,Nikhil Menon,11,2024,39000.0,411000.0
115,Nikhil Menon,12,2024,39000.0,450000.0
