salid,empid,amount,month,year
1,101,55000.0,1,2024
2,101,55000.0,2,2024
3,101,57000.0,3,2024
4,101,57000.0,4,2024
5,101,57000.0,5,2024
6,101,58000.0,6,2024
7,101,58000.0,7,2024
8,101,58000.0,8,2024
9,101,60000.0,9,2024
10,101,60000.0,10,2024
11,101,60000.0,11,2024
12,101,62000.0,12,2024
169,101,62000.0,1,2025
170,101,62000.0,2,2025
171,101,63000.0,3,2025
13,102,48000.0,1,2024
14,102,48000.0,2,2024
15,102,48000.0,3,2024
16,102,50000.0,4,2024
17,102,50000.0,5,2024
18,102,50000.0,6,2024
19,102,52000.0,7,2024
20,102,52000.0,8,2024
21,102,52000.0,9,2024
22,102,54000.0,10,2024
23,102,54000.0,11,2024
24,102,54000.0,12,2024
25,103,72000.0,1,2024
26,103,72000.0,2,2024
27,103,73000.0,3,2024
28,103,74000.0,4,2024
29,103,74000.0,5,2024
30,103,75000.0,6,2024
31,103,76000.0,7,2024
32,103,76000.0,8,2024
33,103,77000.0,9,2024
34,103,78000.0,10,2024
35,103,78000.0,11,2024
36,103,79000.0,12,2024
172,103,80000.0,1,2025
173,103,80000.0,2,2025
174,103,81000.0,3,2025
37,104,42000.0,1,2024
38,104,42000.0,2,2024
39,104,42000.0,3,2024
40,104,44000.0,4,2024
41,104,44000.0,5,2024
42,104,44000.0,6,2024
43,104,45000.0,7,2024
44,104,45000.0,8,2024
45,104,45000.0,9,2024
46,104,46000.0,10,2024
47,104,46000.0,11,2024
48,104,46000.0,12,2024
49,105,75000.0,1,2024
50,105,75000.0,2,2024
51,105,75000.0,3,2024
52,105,78000.0,4,2024
53,105,78000.0,5,2024
54,105,78000.0,6,2024
55,105,80000.0,7,2024
56,105,80000.0,8,2024
57,105,80000.0,9,2024
58,105,82000.0,10,2024
59,105,82000.0,11,2024
60,105,82000.0,12,2024
175,105,85000.0,1,2025
176,105,85000.0,2,2025
177,105,86000.0,3,2025
61,106,70000.0,1,2024
62,106,70000.0,2,2024
63,106,70000.0,3,2024
64,106,72000.0,4,2024
65,106,72000.0,5,2024
66,106,72000.0,6,2024
67,106,73000.0,7,2024
68,106,73000.0,8,2024
69,106,73000.0,9,2024
70,106,74000.0,10,2024
71,106,74000.0,11,2024
72,106,74000.0,12,2024
73,107,38000.0,1,2024
74,107,38000.0,2,2024
75,107,38000.0,3,2024
76,107,40000.0,4,2024
77,107,40000.0,5,2024
78,107,40000.0,6,2024
79,107,41000.0,7,2024
80,107,41000.0,8,2024
81,107,41000.0,9,2024
82,107,42000.0,10,2024
83,107,42000.0,11,2024
84,107,42000.0,12,2024
179,107,43000.0,2,2025
180,107,44000.0,3,2025
85,108,72000.0,1,2024
86,108,72000.0,2,2024
87,108,72000.0,3,2024
88,108,74000.0,4,2024
89,108,74000.0,5,2024
90,108,74000.0,6,2024
91,108,76000.0,7,2024
92,108,76000.0,8,2024
93,108,76000.0,9,2024
94,108,78000.0,10,2024
95,108,78000.0,11,2024
96,108,78000.0,12,2024
97,109,95000.0,1,2024
98,109,95000.0,2,2024
99,109,95000.0,3,2024
100,109,98000.0,4,2024
101,109,98000.0,5,2024
102,109,98000.0,6,2024
103,109,100000.0,7,2024
104,109,100000.0,8,2024
105,109,100000.0,9,2024
106,109,102000.0,10,2024
107,109,102000.0,11,2024
108,109,102000.0,12,2024
109,110,40000.0,1,2024
110,110,40000.0,2,2024
111,110,40000.0,3,2024
112,110,42000.0,4,2024
113,110,42000.0,5,2024
114,110,42000.0,6,2024
115,110,43000.0,7,2024
116,110,43000.0,8,2024
117,110,43000.0,9,2024
118,110,44000.0,10,2024
119,110,44000.0,11,2024
120,110,44000.0,12,2024
121,111,50000.0,1,2024
122,111,50000.0,2,2024
123,111,50000.0,3,2024
124,111,52000.0,4,2024
125,111,52000.0,5,2024
126,111,52000.0,6,2024
127,111,53000.0,7,2024
128,111,53000.0,8,2024
129,111,53000.0,9,2024
130,111,55000.0,10,2024
131,111,55000.0,11,2024
132,111,55000.0,12,2024
133,112,58000.0,1,2024
134,112,58000.0,2,2024
135,112,58000.0,3,2024
136,112,60000.0,4,2024
137,112,60000.0,5,2024
138,112,60000.0,6,2024
139,112,62000.0,7,2024
140,112,62000.0,8,2024
141,112,62000.0,9,2024
142,112,63000.0,10,2024
143,112,63000.0,11,2024
144,112,63000.0,12,2024
145,114,52000.0,1,2024
146,114,52000.0,2,2024
147,114,52000.0,3,2024
148,114,54000.0,4,2024
149,114,54000.0,5,2024
150,114,54000.0,6,2024
151,114,56000.0,7,2024
152,114,56000.0,8,2024
153,114,56000.0,9,2024
154,114,58000.0,10,2024
155,114,58000.0,11,2024
156,114,58000.0,12,2024
157,115,36000.0,1,2024
158,115,36000.0,2,2024
159,115,36000.0,3,2024
160,115,37000.0,4,2024
161,115,37000.0,5,2024
162,115,37000.0,6,2024
163,115,38000.0,7,2024
164,115,38000.0,8,2024
165,115,38000.0,9,2024
166,115,39000.0,10,2024
167,115,39000.0,11,2024
168,115,39000.0,12,2024
