empid,name,Q1,Q2,Q3,Q4
101,Amit Sharma,167000.0,172000.0,176000.0,182000.0
102,Priya Nair,144000.0,150000.0,156000.0,162000.0
103,Rahul Verma,217000.0,223000.0,229000.0,235000.0
104,Sneha Gupta,126000.0,132000.0,135000.0,138000.0
105,Vikram Desai,225000.0,234000.0,240000.0,246000.0
106,Ananya Rao,210000.0,216000.0,219000.0,222000.0
107,Kiran Patel,114000.0,120000.0,123000.0,126000.0
108,Deepa Iyer,216000.0,222000.0,228000.0,234000.0
109,Suresh Kumar,285000.0,294000.0,300000.0,306000.0
110,Meena Joshi,120000.0,126000.0,129000.0,132000.0
111,Arjun Reddy,150000.0,156000.0,159000.0,165000.0
112,Kavita Singh,174000.0,180000.0,186000.0,189000.0
114,Lakshmi Pillai,156000.0,162000.0,168000.0,174000.0
115,Nikhil Menon,108000.0,111000.0,114000.0,117000.0
